date,experiment,round,assay,plate,condition,control,strain,row,col,n,mean.TOF,q10.TOF,q25.TOF,median.TOF,q75.TOF,q90.TOF,mean.EXT,q10.EXT,q25.EXT,median.EXT,q75.EXT,q90.EXT,mean.red,q10.red,q25.red,median.red,q75.red,q90.red,mean.green,q10.green,q25.green,median.green,q75.green,q90.green,mean.yellow,q10.yellow,q25.yellow,median.yellow,q75.yellow,q90.yellow,mean.norm.EXT,q10.norm.EXT,q25.norm.EXT,median.norm.EXT,q75.norm.EXT,q90.norm.EXT,mean.norm.red,q10.norm.red,q25.norm.red,median.norm.red,q75.norm.red,q90.norm.red,mean.norm.green,q10.norm.green,q25.norm.green,median.norm.green,q75.norm.green,q90.norm.green,mean.norm.yellow,q10.norm.yellow,q25.norm.yellow,median.norm.yellow,q75.norm.yellow,q90.norm.yellow,var.TOF,cv.TOF,iqr.TOF,var.EXT,cv.EXT,iqr.EXT,var.red,cv.red,iqr.red,var.green,cv.green,iqr.green,var.yellow,cv.yellow,iqr.yellow,f.L1,f.L2L3,f.L4,f.ad,norm.n
20181115,NaAzide,NA,NA,1,2.5,None,N2,A,1,146,83.5958904109589,65,70,83,94,103,103.58904109589,73.5,83,98.5,118,128.5,3.68493150684932,1,2,3,4,5,3.96575342465753,2,2,3,4,6,3.52739726027397,1,2,3,4,5,1.24166796858735,0.993506493506493,1.07186411149826,1.1799136845891,1.3262585812357,1.52276422764228,0.0437548715194126,0.0147090633787584,0.0246217968508799,0.0349857201142391,0.0466947115384615,0.0582364341085271,0.0468264288517793,0.0240963855421687,0.0303030303030303,0.0410958904109589,0.0483385153517295,0.0643681562592483,0.0418101480472568,0.0147090633787584,0.0250791139240506,0.0319148936170213,0.0429723502304147,0.0606060606060606,242.11832782239,0.18613536915604,24,816.878223901748,0.275908351607195,35,27.417288615966,1.42096320415323,2,17.3574397732641,1.05055096389184,2,26.4992442135097,1.45935977199715,2,0.650684931506849,0.349315068493151,0,0,Inf
20181115,NaAzide,NA,NA,1,5.5,None,N2,A,10,114,90.280701754386,63,69,78,91.75,109,101.385964912281,63.6,74.25,87.5,107.75,132.5,3.59649122807018,1,2,3,4,6,3.94736842105263,2,2,3,4,6,3.7280701754386,2,2,3,4,6,1.12821418386123,0.95184331797235,0.986753246753247,1.08704046957059,1.22623966942149,1.36934191355027,0.0387986890657736,0.0162083553675304,0.0261441647597254,0.0368112014453478,0.0476190476190476,0.0605500416698235,0.0411954662991915,0.0235294117647059,0.0290920716112532,0.0402020202020202,0.0512931034482759,0.060025817555938,0.0389588926460547,0.0217391304347826,0.0267567567567568,0.0348884381338742,0.0495357616569738,0.0613970588235294,6048.59307560938,0.861454329007396,22.75,7030.84086322,0.827038629783651,33.5,15.8711380220463,1.10770732817518,2,22.4042850489055,1.1991068455891,2,23.3324794286601,1.29567585902233,2,0.719298245614035,0.271929824561404,0,0.0087719298245614,Inf
20181115,NaAzide,NA,NA,1,5.5,None,N2,A,11,130,99.2461538461538,65.9,73.25,84.5,102.75,114.2,117.576923076923,73.9,84.75,102,115.75,143.2,4.35384615384615,1.9,2,3,4.75,6,4.53846153846154,2,3,4,5,6,4.33076923076923,1,2,3,4,6,1.19366170845089,1,1.06772113022113,1.16602150537634,1.28332899079382,1.40675675675676,0.0437616353884619,0.017684331797235,0.0294204177699323,0.0392173615857826,0.0487212881837556,0.0625992063492064,0.0448922696337513,0.0262816131237184,0.0328319221761845,0.0402702702702703,0.0533333333333333,0.063594470046083,0.0422954685704082,0.0146845694799659,0.0268460424710425,0.0351909184726522,0.0490803678528589,0.0636829836829837,13518.8071556351,1.17153562958597,29.5,17268.6955873584,1.11765477048994,31,45.5482409063804,1.55011074110406,2.75,46.2659511031604,1.49872546986532,2,64.3005963029219,1.85157990029192,2,0.584615384615385,0.392307692307692,0.0153846153846154,0.00769230769230769,Inf
20181115,NaAzide,NA,NA,1,2.5,None,N2,A,2,144,82.5972222222222,64,70,81,92,105.7,103.701388888889,71.3,81.75,98,117,136,4.68055555555556,1,2,3,4,5.70000000000002,4.71527777777778,2,3,3.5,5,6,4.38888888888889,1,2,3,4,5,1.25782025836468,1.01758280479211,1.07869104579631,1.19006568144499,1.33049242424242,1.5542735042735,0.0587355990023037,0.0166666666666667,0.0277777777777778,0.036038961038961,0.0527480204937122,0.0629605263157895,0.058712750812293,0.0236864771748493,0.0325210378681627,0.0444468832309043,0.0543478260869565,0.0645161290322581,0.0558474201202764,0.0144927536231884,0.025974025974026,0.0326086956521739,0.0483870967741935,0.0592329052412357,250.214257964258,0.19150961564972,22,1091.56755050505,0.318596305519671,35.25,77.6594794094795,1.88278111284405,2,58.6806041181041,1.62457589851877,2,80.994560994561,2.05056406206649,2,0.701388888888889,0.298611111111111,0,0,Inf
20181115,NaAzide,NA,NA,1,3.5,None,N2,A,4,129,88.1085271317829,65,72,84,94,107.2,107.813953488372,80,92,103,118,129,6.27906976744186,2,2,3,4,5,5.44961240310078,2,3,4,4,5.2,6.03100775193798,2,2,3,4,5,1.24547334664262,1.01245421245421,1.08536585365854,1.21212121212121,1.37837837837838,1.51755868544601,0.0578486069623265,0.020210025757876,0.024390243902439,0.0340909090909091,0.0480769230769231,0.0576274969311461,0.0550235010377736,0.0260432378079437,0.0344827586206897,0.0447761194029851,0.051948051948052,0.0618623481781377,0.0565386113658549,0.0206185567010309,0.027027027027027,0.036144578313253,0.0470588235294118,0.0597014925373134,1046.86312984496,0.367220578790402,22,1174.52761627907,0.317875198670656,26,1205.9527616279,5.53056931343664,2,349.046269379845,3.42827684628664,1,973.452156007753,5.17329708242915,2,0.666666666666667,0.317829457364341,0.00775193798449612,0.00775193798449612,Inf
20181115,NaAzide,NA,NA,1,3.5,None,N2,A,5,96,86.6770833333333,63.5,69,77,88,103,108.072916666667,74,78.75,92.5,104,126,4.86458333333333,1,2,3,4,5,4.65625,1.5,2,3,4,5,4.67708333333333,1,2,2.5,4,5,1.19806983700995,1.02009009009009,1.0715892053973,1.16360294117647,1.29995598591549,1.44736199316072,0.0491705576192958,0.0150384441429218,0.0263157894736842,0.0333374490677861,0.0479094076655052,0.0560125342734038,0.0457623440075841,0.0196969696969697,0.025974025974026,0.0359917979710771,0.0476190476190476,0.0586088449978532,0.0465680606434113,0.0134234234234234,0.021978021978022,0.0298507462686567,0.0470610119047619,0.0607692307692308,4018.24199561403,0.73133061650974,19,14848.4262061403,1.12751762700974,25.25,200.434100877193,2.91031607811864,2,143.659539473684,2.57413277849617,2,194.74725877193,2.98373719845043,2,0.770833333333333,0.21875,0,0.0104166666666667,Inf
20181115,NaAzide,NA,NA,1,4.5,None,N2,A,7,101,98.7920792079208,65,69,85,98,106,116.267326732673,77,87,103,119,128,4.15841584158416,2,2,3,4,5,4.46534653465347,2,3,3,5,6,4.03960396039604,2,2,3,4,5,1.21695513705494,1.05128205128205,1.10843373493976,1.17204301075269,1.27472527472527,1.43548387096774,0.0439817045771262,0.0240963855421687,0.0294117647058824,0.036697247706422,0.0510204081632653,0.0645161290322581,0.0462245954100309,0.0273972602739726,0.032967032967033,0.043956043956044,0.0533333333333333,0.0618556701030928,0.0407259171047476,0.0198019801980198,0.0289855072463768,0.036144578313253,0.0449438202247191,0.0571428571428571,15479.3263366337,1.2593716201104,29,15193.2778217822,1.06015179393762,32,28.7146534653465,1.28861704948629,2,32.0112871287129,1.26705772290752,2,41.9784158415842,1.60388872125865,2,0.584158415841584,0.396039603960396,0.0099009900990099,0.0099009900990099,Inf
20181115,NaAzide,NA,NA,1,4.5,None,N2,A,8,129,95.6434108527132,62.8,71,84,103,112.2,116.53488372093,77.8,88,100,118,137.4,9.83720930232558,2,2,3,4,6,7.78294573643411,2,3,4,5,6,9.6046511627907,2,2,3,4,6,1.23510880050227,1,1.08256880733945,1.16346153846154,1.30666666666667,1.48947368421053,0.0911037114225423,0.022033096926714,0.0283018867924528,0.0388349514563107,0.0483870967741935,0.0645161290322581,0.0743014834986534,0.0282753122508637,0.0348837209302326,0.0434782608695652,0.0529411764705882,0.0655737704918033,0.0890253454540735,0.0240963855421687,0.0285714285714286,0.036036036036036,0.0487804878048781,0.0639670555936857,8230.71560077519,0.948557674615803,32,10479.6101017442,0.878449126364659,30,2014.87172965116,4.56301388070641,2,704.749394379844,3.41093429112962,2,1836.99091569767,4.46243505162511,2,0.589147286821705,0.403100775193798,0,0.00775193798449612,Inf
20181115,NaAzide,NA,NA,1,6.5,None,N2,C,1,159,99.314465408805,66,74.5,88,101,115,123.955974842767,81.6,91,105,124,142.4,5.78616352201258,2,2,3,4,5,5.46540880503145,2,3,4,5,6,5.29559748427673,2,2,3,4.5,6,1.25553985776729,1.05078173858662,1.11774891774892,1.2,1.34117593102183,1.41664504170528,0.0492510694151968,0.0224219725343321,0.0283816425120773,0.037037037037037,0.0479059093516925,0.0607655502392345,0.0501231843221025,0.025974025974026,0.0338993871297242,0.0446428571428571,0.0547945205479452,0.0636763896532747,0.0461940267331868,0.0173613193403298,0.0263157894736842,0.0379746835443038,0.0519675925925926,0.0633333333333334,18261.1409919592,1.36066572653709,26.5,25344.358809012,1.28431983260155,33,620.764111137648,4.30598583974316,2,199.073162964732,2.5815688152919,2,296.715866571134,3.25278544514196,2.5,0.572327044025157,0.421383647798742,0,0.00628930817610063,Inf
20181115,NaAzide,NA,NA,1,3.5_m4,None,N2,C,10,149,100.751677852349,68,79,95,106,118.2,123.38255033557,79.6,97,113,131,153,5.2751677852349,2,3,4,5,6,5.38926174496644,2,3,5,6,7,4.76510067114094,2,3,3,5,6,1.25313416571345,1.01568348732528,1.08823529411765,1.19191919191919,1.32323232323232,1.4600350877193,0.0551542382666883,0.0240390131956397,0.0303030303030303,0.038961038961039,0.0483870967741935,0.0655072463768116,0.0544592097161161,0.0280907668231612,0.037037037037037,0.0476190476190476,0.0576923076923077,0.0755288736420812,0.0479457954577172,0.0193801344286781,0.0273972602739726,0.0375,0.05,0.0661147250147842,8484.78251405768,0.914256528139562,27,8613.21077453292,0.752192146234278,34,136.308906221658,2.21322638404873,2,44.9420460729186,1.24393344160826,3,74.6944494830401,1.81372769704876,2,0.449664429530201,0.543624161073825,0,0.00671140939597315,Inf
20181115,NaAzide,NA,NA,1,3.5_m4,None,N2,C,11,172,102.970930232558,68,78,93,108,120.9,126.651162790698,80,94.75,111.5,133.25,158,7.54651162790698,2,3,4,5,6,6.70348837209302,2,3,4,5,7,7.32558139534884,2,2.75,4,5,6.90000000000001,1.23838699831298,1.03169642857143,1.09338942307692,1.17606257378985,1.32668124658283,1.5299095840868,0.0622080959976008,0.0232831737346101,0.030534941249227,0.0388979952086748,0.0521059782608696,0.0624228395061728,0.0580933328813391,0.0290281329923274,0.0367063492063492,0.0454545454545455,0.0556666666666667,0.0696872493985565,0.0597907460576212,0.0206400343642612,0.0281361063577728,0.0396850393700787,0.0521059782608696,0.0644137224782386,12455.5020739834,1.08384201667117,30,16612.871753026,1.01768453472551,38.5,1399.7463620291,4.95767928004024,2,444.244900040799,3.14420145981534,2,1175.20331837345,4.67966113908306,2.25,0.424418604651163,0.563953488372093,0.00581395348837209,0.00581395348837209,Inf
20181115,NaAzide,NA,NA,1,6.5,None,N2,C,2,172,87.5930232558139,66,72.75,83.5,101.25,110.9,108.523255813953,80.1,91,104,123,138,4.12790697674419,2,2,3,5,6,4.44186046511628,2,3,4,5,6,4.16860465116279,2,3,4,5,6,1.2482338873959,1.05051783659379,1.11096869204756,1.20355268091489,1.32912251227707,1.53511479837932,0.0464382175016313,0.0217874396135266,0.0294117647058824,0.039538822303283,0.0505050505050505,0.0640481651376147,0.0501136540429818,0.0297177478941924,0.0358803635595012,0.0456630525437865,0.0568993506493506,0.0674774774774775,0.0475978487135507,0.0215287517531557,0.0294117647058824,0.0410958904109589,0.0541274970622797,0.0705061559507524,414.535155718754,0.232440161098019,28.5,868.6953624371,0.2715882251341,32,30.1823745410037,1.33090421421577,3,16.2246702026384,0.906824044973712,2,22.5503535971712,1.13916325882152,2,0.598837209302326,0.395348837209302,0.00581395348837209,0,Inf
20181115,NaAzide,NA,NA,1,7.5,None,N2,C,4,176,96.1761363636364,65,75,92.5,109,131,121.732954545455,79,94.75,114.5,135,160.5,4.03977272727273,2,2,4,5,6,4.89772727272727,2,3,4,5,7,4.40909090909091,2,3,4,5,6,1.26297938122588,1.04896253172115,1.11461598746082,1.21062801932367,1.33257281553398,1.5716416129802,0.040622063949965,0.0217803778954858,0.0291793636170364,0.037987012987013,0.0505050505050505,0.0625,0.0481068220424704,0.0266666666666667,0.036036036036036,0.0461538461538462,0.0568993506493506,0.067948717948718,0.0434823233977084,0.0207303974221267,0.0289333750390992,0.0402020202020202,0.0545223374551256,0.0693021766965429,949.677370129871,0.320420813186868,34,3346.67685064935,0.475224395637713,40.25,14.3584090909092,0.937985723918975,3,28.0694805194806,1.08173925400111,2,27.5574025974026,1.1906115384953,2,0.460227272727273,0.528409090909091,0.00568181818181818,0.00568181818181818,Inf
20181115,NaAzide,NA,NA,1,7.5,None,N2,C,5,174,93.2873563218391,70,77,91.5,105.75,120,114.563218390805,86,96.25,109.5,128.75,149.7,3.64367816091954,2,2.25,4,5,6,4.29885057471264,2.3,3,4,5,6,3.70689655172414,2,2.25,4,5,6,1.23944604469577,1.02355555555556,1.11135844748858,1.19595692807802,1.31287477954145,1.44698372966208,0.0394314377122809,0.0204712812960236,0.0282022322614935,0.0381721082655662,0.0512820512820513,0.0604965315808689,0.0462419372965392,0.028695652173913,0.0357142857142857,0.0444444444444444,0.0558888888888889,0.0643920595533499,0.0399647060640753,0.0208333333333333,0.0278263403263403,0.0382783882783883,0.0518920734437976,0.0630537974683544,371.523885456116,0.206619156502775,28.75,662.247425420238,0.22462853962939,32.5,2.42721413859544,0.427576705815271,2.75,2.58069231280314,0.37369368988485,2,2.8442296192944,0.454958581353917,2.75,0.436781609195402,0.563218390804598,0,0,Inf
20181115,NaAzide,NA,NA,1,2.5_m5,None,N2,C,7,177,102.412429378531,70,78,95,108,127,123.553672316384,84.6,94,113,133,153.4,4.01694915254237,2,3,3,4,6,4.74576271186441,2,3,4,5,7,3.99435028248588,1,2,3,5,6,1.22903784727135,1.01126262626263,1.0875,1.16546762589928,1.29496402877698,1.50962078651685,0.0392406079291437,0.0198019801980198,0.0277777777777778,0.0357142857142857,0.0485436893203883,0.0581720430107527,0.0454098720440526,0.0245238095238095,0.0319148936170213,0.0416666666666667,0.0547945205479452,0.070811339198436,0.037590022777317,0.0127922077922078,0.0256410256410256,0.0348837209302326,0.0487804878048781,0.0612007504690431,7723.17552645095,0.858114586376279,30,7758.06670518747,0.712887658844132,39,20.1872110939908,1.11851503911206,1,28.6452234206471,1.12776883038442,2,33.039740626605,1.4390376849403,3,0.418079096045198,0.576271186440678,0,0.00564971751412429,Inf
20181115,NaAzide,NA,NA,1,2.5_m5,None,N2,C,8,160,108.14375,68.9,82.75,97,116,128.4,131.08125,79.8,97.75,117.5,139.25,158.1,11.8125,2,3,4,5,6,6.40625,2,3,4,6,8,6.44375,2,2,3.5,5,6,1.21757925619544,1.01319047619048,1.09252340868249,1.1820281124498,1.30673135233475,1.47067226890756,0.0803262831007376,0.0205769030511299,0.0288819875776397,0.0366413067800403,0.0454545454545455,0.0569616063548102,0.054399299103707,0.0256085686465433,0.0328774486383182,0.0425539620454875,0.0550775071180006,0.0656340405014465,0.0529386896082802,0.0199417475728155,0.0269369369369369,0.0349351639969489,0.05,0.0597014925373134,13875.771658805,1.08924894279664,33.25,17666.9430424528,1.01400507884754,41.5,5602.99606918239,6.33677573654561,2,233.337067610063,2.3844487100767,3,512.097444968554,3.51186345613435,3,0.35625,0.63125,0.00625,0.00625,Inf
20181115,NaAzide,NA,NA,1,4.5_m3,None,N2,D,1,131,99.7709923664122,64,71,85,104,122,126.87786259542,83,90,109,130,161,5.46564885496183,2,2.5,3,5,6,5.7175572519084,2,3,4,5,8,5.58015267175572,2,3,3,5,6,1.29486506517659,1.04040404040404,1.13068797399783,1.21875,1.43669871794872,1.55952380952381,0.0565620747324593,0.0240963855421687,0.0294117647058824,0.0404040404040404,0.0516352648418059,0.0625,0.0564339326487617,0.0263157894736842,0.034692513368984,0.0444444444444444,0.0569105691056911,0.0705882352941176,0.0553786598540566,0.0235294117647059,0.0298507462686567,0.0412371134020619,0.0519037356321839,0.0645161290322581,15772.8394597769,1.25878236371781,33,19319.3080446271,1.09549381470557,40,110.86611861421,1.92644979321676,2.5,100.065766294774,1.74957369616663,2,129.660833822666,2.04060207422036,2,0.564885496183206,0.427480916030534,0,0.00763358778625954,Inf
20181115,NaAzide,NA,NA,1,4.5_m3,None,N2,D,2,123,112.60162601626,68,76.5,90,105.5,119,135.991869918699,78.2,92,108,127,151.6,7.94308943089431,2,2,3,5,7,7.53658536585366,3,3,4,5,7,8.35772357723577,2,3,4,5,7,1.24038030489,1.02826451829473,1.08977455716586,1.17777777777778,1.278125,1.55071264367816,0.0693139862371053,0.0192610062893082,0.0281031986310386,0.0379746835443038,0.0488620085946204,0.066417445482866,0.0660454188305233,0.0291585550508328,0.0372101073035652,0.0454545454545455,0.053627553693033,0.0689655172413793,0.0711432224409481,0.0218357487922705,0.0303061224489796,0.04,0.0515669515669516,0.0644334160463193,29975.6842596295,1.53758768107386,29,36824.7786218846,1.41109783935691,35,1023.48034119685,4.02763680040758,3,381.037584966014,2.59005678204231,2,928.297214447554,3.6454867192571,2,0.495934959349593,0.471544715447154,0.016260162601626,0.016260162601626,Inf
20181115,NaAzide,NA,NA,1,5.5_m2,None,N2,D,4,139,99.5755395683453,65,75,91,110,126.8,123.661870503597,78.6,90,109,141.5,171.2,4.30935251798561,2,3,3,4,6,5.33812949640288,2,3,4,6,8.2,4.63309352517986,2,3,4,5,6,1.26821227654596,1.03748462064252,1.10222918843608,1.18571428571429,1.33333333333333,1.49346791636626,0.0442944256713759,0.0228851866201731,0.0294117647058824,0.0380952380952381,0.0483870967741935,0.0591800356506239,0.0543095349574871,0.0285714285714286,0.0338993871297242,0.0459770114942529,0.0563948205361199,0.0729186602870813,0.0471313002352354,0.0247127595242895,0.0307692307692308,0.04,0.0547945205479452,0.0621891010712622,5676.41997706183,0.756631802574192,35,6082.9355645918,0.630697045742658,51.5,20.3021582733813,1.0455843697858,1,27.9645500990512,0.990637612669605,3,29.5238244187259,1.17277645895787,2,0.474820143884892,0.510791366906475,0.00719424460431655,0.00719424460431655,Inf
20181115,NaAzide,NA,NA,1,5.5_m2,None,N2,D,5,125,106.216,68.4,77,93,110,129.2,128.656,78,95,113,138,161.8,5.104,2,3,4,5,6,5.488,2,3,4,6,7,5.16,2,3,4,5,6,1.22864163518152,1.03333333333333,1.0952380952381,1.16923076923077,1.29591836734694,1.53658743633277,0.0494747958643837,0.0261107313738893,0.0303030303030303,0.0384615384615385,0.0483870967741935,0.0591226321036889,0.0520336043588605,0.0280952380952381,0.036144578313253,0.0471698113207547,0.0564516129032258,0.0639728353140917,0.0487790098090035,0.0201286107992243,0.0285714285714286,0.0390625,0.0510204081632653,0.0614128728414443,14302.0900645161,1.12592590674171,33,17333.227483871,1.02331578572373,43,97.7713548387096,1.93729229394189,2,63.2196129032258,1.44881126282383,3,121.393548387097,2.13524690720357,2,0.416,0.576,0,0.008,Inf
20181115,NaAzide,NA,NA,1,6.5_m1,None,N2,D,7,139,105.086330935252,67,77,92,105.5,120.6,132.258992805755,83.4,98,111,130.5,154.4,6.45323741007194,2,3,4,5,6,6.38129496402878,2,3,4,5,7,6.60431654676259,2,3,4,5,6,1.27040769390857,1.03333333333333,1.0989554999456,1.2,1.36076555023923,1.60131147540984,0.062047406947199,0.0216770186335404,0.0291616469421019,0.0384615384615385,0.0489000478240077,0.0615764482431149,0.0596297421169128,0.0287958824326155,0.0377358490566038,0.046875,0.0586325439266616,0.0668468468468468,0.0620454673208881,0.0226262626262626,0.0300768882858435,0.0422535211267606,0.0542009400705053,0.0668468468468468,17794.6736523824,1.26940085003376,28.5,23844.0918569492,1.16752229345515,32.5,292.162652486706,2.64871180158198,2,150.09269106454,1.91986615497853,2,263.849546449797,2.45951964090045,2,0.424460431654676,0.561151079136691,0,0.0143884892086331,Inf
20181115,NaAzide,NA,NA,1,6.5_m1,None,N2,D,8,184,109.798913043478,65,75,91.5,109,124.4,140.201086956522,81.3,93,109,130.25,153.7,9.30434782608696,2,3,4,5,6,8.65760869565217,2,3,4,6,7,9.44565217391304,2,3,4,5,6,1.22179455206473,1.03494492044064,1.09015984015984,1.17752100840336,1.30563725490196,1.48324854651163,0.050810955967788,0.0208846025939475,0.0299074074074074,0.0394736842105263,0.05,0.065132693393563,0.0570925767080703,0.028169014084507,0.0365853658536585,0.0464039621016365,0.0580615942028986,0.0699302325581395,0.0516313329380973,0.02025,0.0283520674427941,0.039538822303283,0.0538981288981289,0.066231884057971,27015.538578047,1.49695509984603,34,89778.7954086481,2.13715246701754,37.25,4231.37134711333,6.99124679291388,2,2163.83294725589,5.37296376625908,3,4212.54347826088,6.87132118321384,2,0.472826086956522,0.516304347826087,0,0.0108695652173913,Inf
20181115,NaAzide,NA,NA,1,24,None,N2,E,11,175,132.165714285714,70.8,90,118,177,211.6,191.834285714286,80.8,107,155,269.5,360.2,10.9485714285714,3,4,7,10,13,11.72,3,5,8,12.5,20.6,11.9257142857143,3,5,8,11,16.6,1.40731611371892,1.0204329004329,1.11957934058795,1.30331753554502,1.52904290429043,1.89132897603486,0.0824622925279813,0.030832672482157,0.0412067919951486,0.0512820512820513,0.0645502645502646,0.0802308802308802,0.0850243709002134,0.04,0.0512244897959184,0.0655737704918033,0.084598424058411,0.108994708994709,0.0890300096443861,0.0330054644808743,0.0439034837235865,0.0600858369098712,0.08092327840227,0.101970584035413,2952.47238095238,0.411125215751902,87,11187.690771757,0.551371098362672,162.5,1602.49733990148,3.65629478132027,6,415.52459770115,1.73928502262607,7.5,1208.42548440066,2.91491259904748,6,0.245714285714286,0.605714285714286,0.148571428571429,0,Inf
20181115,NaAzide,NA,NA,1,24,None,N2,E,12,158,138.354430379747,70,82.25,126.5,191.75,232.3,207.29746835443,72.7,104.25,165.5,286.25,417.9,10.0822784810127,3,4,7,12,17,12.5696202531646,3,4,8,17,26,12.1518987341772,3,4.25,8,14,24,1.40184768239687,1.02289272030651,1.12229475159905,1.30743902439024,1.54868881118881,1.87213664596273,0.0706697292984533,0.0331159420289855,0.0423608725523875,0.0563380281690141,0.0733042985259252,0.0894949494949495,0.0815244853747611,0.0414954337899543,0.0531060606060606,0.0669871794871795,0.0928443649373882,0.12413535007017,0.0814400195053434,0.0313645287958115,0.0481544665012407,0.0674376299376299,0.0883015059773327,0.11731809749562,3865.32580827219,0.449365765027522,109.5,19292.2994839958,0.670035787067309,182,183.388091590744,1.34315729970432,8,176.335886479077,1.05644817089663,13,224.014996371846,1.2316701167231,9.75,0.291139240506329,0.525316455696203,0.177215189873418,0.00632911392405063,Inf
20181115,NaAzide,NA,NA,1,29,None,N2,F,11,168,144.363095238095,70.7,87.75,122.5,197.25,238.3,236.357142857143,80.4,111,155.5,358,480.9,10.4761904761905,3,5,8,12.25,18,14.1309523809524,4,6,9,20,29.3,12.8095238095238,3.7,6,9,15,24.3,1.50486665751727,1.03898944193062,1.14359099804305,1.34664179104478,1.7459784085222,2.09885475243451,0.0780927057061404,0.0376932898283444,0.0453268641470889,0.0588235294117647,0.0704639602319801,0.088968253968254,0.0930348093078887,0.0448935099781989,0.0584581892687924,0.0758714422769428,0.102862953692115,0.131338785046729,0.0918018584084178,0.039078887368901,0.0515049678550555,0.0721293199554069,0.0925420168067227,0.117146879973881,4675.08294126034,0.473629206044611,109.5,27605.3447390932,0.702955536886347,247,327.676076418591,1.72790149859746,7.25,204.485742800114,1.01195239786935,14,343.676076418591,1.44724369269903,9,0.267857142857143,0.5,0.208333333333333,0.0238095238095238,Inf
20181115,NaAzide,NA,NA,1,29,None,N2,F,12,155,157.122580645161,67.4,90,121,213,266.2,253.477419354839,78,108,155,386.5,533.2,11.6258064516129,3,5,8,14,20.6,15.7612903225806,3,6,10,22.5,35,14.5935483870968,4,6,9,19,30,1.47013251102967,0.989424675756568,1.11583240931411,1.38888888888889,1.78351648351648,2.04496527132935,0.0742468962442312,0.0363818424566088,0.0479004449388209,0.0640394088669951,0.0757575757575758,0.0914656771799629,0.0908231945481369,0.0431977559607293,0.0598507462686567,0.0819672131147541,0.108655870445344,0.135321366531558,0.0894619359291356,0.0393009708737864,0.0579710144927536,0.0786516853932584,0.101889338731444,0.123629714674491,8555.96539589443,0.588702535350605,123,38194.419941349,0.771011192243985,278.5,183.339589442815,1.16467576544167,9,216.2478424801,0.933005325758422,16.5,236.476581483033,1.0537392737406,13,0.245161290322581,0.451612903225806,0.251612903225806,0.0516129032258065,Inf
20181115,NaAzide,NA,NA,1,25,None,N2,F,2,146,141.095890410959,75.5,92.25,121.5,191.25,222.5,211.034246575342,82,107.5,169,298.5,376.5,10.6643835616438,3,5,7,12,18.5,13.0479452054795,4,5,9,18,27,12.9315068493151,4,5,9,15.75,24.5,1.42224957417988,1,1.10841836734694,1.3431712962963,1.60538270285343,1.92522384676414,0.0783982379279659,0.0343910130074892,0.0451136363636364,0.0594059405940594,0.0711710450904341,0.0895522388059701,0.0889216775980788,0.042463036422647,0.0544594997022037,0.0754716981132075,0.100721153846154,0.119213631182366,0.0922717256741981,0.0408333333333333,0.0542273506104091,0.0713612145787166,0.0935192510548523,0.115584415584416,3796.80453471894,0.436711627483615,99,16099.012612187,0.601238360838688,191,266.693481341521,1.53133582751466,7,137.439064714218,0.898489427851625,13,267.484931506849,1.26473788094524,10.75,0.226027397260274,0.554794520547945,0.205479452054795,0.0136986301369863,Inf
20181115,NaAzide,NA,NA,1,25,None,N2,F,3,163,145.398773006135,73.6,92.5,127,183,232.8,213.079754601227,82.2,104.5,157,277.5,419,11.3128834355828,4,5,7,12,17,13.7116564417178,4,6,9,15,25,13.7791411042945,4,6,9,14,25,1.39403034622814,1,1.09815092453773,1.28571428571429,1.58273775128494,1.88341117453728,0.0765451713470408,0.0357142857142857,0.0481605566651633,0.0606060606060606,0.0761426224756015,0.0925072537975764,0.0887268139310685,0.0459770114942529,0.058578431372549,0.0738255033557047,0.0977914389799636,0.123191540495073,0.0910585837758509,0.0358003442340792,0.0577211394302849,0.0748898678414097,0.0970991970991971,0.121507823613087,6761.03135650988,0.565517089427828,90.5,22728.6664394456,0.70752988673422,173,338.203968794971,1.62560878478658,7,273.231159584943,1.20552213652888,9,383.691660986139,1.4215725627848,8,0.226993865030675,0.607361963190184,0.134969325153374,0.0306748466257669,Inf
20181115,NaAzide,NA,NA,1,26,None,N2,F,5,197,134.492385786802,74,92,116,153,194.6,219.624365482234,85,107,148,292,405.4,12.0203045685279,3.6,5,7,11,16,12.8984771573604,4,5,8,16,27.4,13.2233502538071,4,5,8,14,22.8,1.54307399731442,0.988871951219512,1.0989010989011,1.35135135135135,1.81944444444444,2.31217395742943,0.0721832802524456,0.0371357888949972,0.0458715596330275,0.0568720379146919,0.0759493670886076,0.0952608695652174,0.0850049859724335,0.0409840648588202,0.055045871559633,0.0714285714285714,0.105590062111801,0.144873833390944,0.0843798080926882,0.0385124306554346,0.0526315789473684,0.0714285714285714,0.101010101010101,0.135255400018541,7067.61856417694,0.625084678083291,61,26933.0010359474,0.747242997856913,185,2215.60162643738,3.9158889367167,6,236.785558893608,1.19299649339181,11,669.184554024656,1.95628197133368,9,0.228426395939086,0.67005076142132,0.0812182741116751,0.0203045685279188,Inf
20181115,NaAzide,NA,NA,1,26,None,N2,F,6,185,137.8,71,89,117,153,210.2,213.702702702703,77.8,107,146,289,374.4,11.3027027027027,3,5,7,10,16,12.6324324324324,4,5,9,16,23.2,12.1459459459459,3.4,5,9,14,22.6,1.47467541017525,1,1.09230769230769,1.28,1.78682170542636,2.31908232118758,0.065493152215366,0.0364523281596452,0.0473933649289099,0.0606060606060606,0.0769230769230769,0.0950375939849624,0.0826050183186755,0.0429249762583096,0.0571428571428571,0.0769230769230769,0.0984848484848485,0.133061224489796,0.0796345976416487,0.04,0.0537634408602151,0.0757575757575758,0.0967741935483871,0.128208632896859,13584.5956521739,0.845812580463473,64,44403.4165687427,0.986048278262066,182,1509.19048178613,3.43708066190607,5,322.125029377203,1.42077481990905,11,343.407931844888,1.52571640875096,9,0.264864864864865,0.610810810810811,0.0972972972972973,0.027027027027027,Inf
20181115,NaAzide,NA,NA,1,27,None,N2,F,8,172,159.883720930233,71,89,129.5,200.25,231,257.837209302326,87,110.75,164,384.75,484.6,11.4244186046512,3,5,7,14,19,15.5581395348837,4,6,9,21.25,32,15.0406976744186,4,6,9,19,29,1.5406178959543,1.05271725826193,1.125,1.37668918918919,1.81829322638146,2.27494969818914,0.0742799224002242,0.0363680941484145,0.0505434782608696,0.0593833355938334,0.0769230769230769,0.0959651445395088,0.091799554611719,0.0458997882851094,0.0577562458440201,0.0786077235772358,0.108366633366633,0.14128546612623,0.0924638070030328,0.0436349392871132,0.05762893608118,0.0796560674886437,0.0995341614906832,0.130827007054081,23063.9045287638,0.949865620128837,111.25,52781.7745138039,0.891038360740658,274,169.310043519652,1.13895680269025,9,269.38256493948,1.05493834815023,15.25,309.173772609819,1.16905068543589,13,0.261627906976744,0.482558139534884,0.209302325581395,0.0465116279069767,Inf
20181115,NaAzide,NA,NA,1,27,None,N2,F,9,189,173.941798941799,71.8,92,120,200,259,281.280423280423,84.6,109,164,381,500,12.8624338624339,3,5,8,13,22.2,18.010582010582,4,6,10,22,33.2,17.3227513227513,4,6,9,19,31.2,1.51412568785617,1,1.09302325581395,1.39823008849558,1.82894736842105,2.24489151873767,0.0679673484107111,0.035295328256843,0.0467289719626168,0.0632911392405063,0.0803571428571429,0.0945193171608266,0.0916787437928966,0.047529200359389,0.06,0.0806451612903226,0.115107913669065,0.144140087554722,0.0869951816637002,0.0438604873387482,0.0588235294117647,0.0789473684210526,0.102941176470588,0.135881521986785,33536.4593605764,1.05282126314493,108,109328.756050884,1.17551370392552,272,342.044804683102,1.43786576840204,8,658.170100191377,1.42443070664599,16,765.04953281549,1.59671684211151,13,0.227513227513228,0.518518518518518,0.17989417989418,0.0740740740740741,Inf
20181115,NaAzide,NA,NA,1,27_m2,None,N2,G,11,147,168.748299319728,75,89,126,229.5,272.8,267.122448979592,89.4,113,160,373,526.4,10.8299319727891,3,5,8,12.5,21,15.4625850340136,4,5,9,20,33.8,13.312925170068,4,5,9,13.5,30,1.46178721463474,1.04675324675325,1.15893970893971,1.38056680161943,1.70108827636452,1.95837903930131,0.0616977068390614,0.03584603902335,0.0420806689621249,0.0524017467248908,0.0698099415204678,0.0923265460030166,0.079925837395585,0.0406514120799835,0.0530973451327434,0.0704225352112676,0.0928205128205128,0.128992101648352,0.0721392700402404,0.0377020861939142,0.0455488331892826,0.0600858369098712,0.0892699026000161,0.115858957219251,14378.5458018824,0.710588341752204,140.5,50274.4232597148,0.839388782193543,260,128.16950889945,1.04536181341451,7.5,265.716056285528,1.05420919057903,15,232.531544124499,1.14542708117752,8.5,0.258503401360544,0.346938775510204,0.333333333333333,0.0612244897959184,Inf
20181115,NaAzide,NA,NA,1,27_m2,None,N2,G,12,177,152.169491525424,71.6,82,110,228,274,228.305084745763,80,102,131,350,487.4,9.17514124293785,3,4,6,12,20.4,13.0508474576271,3,4,7,18,32,11.1920903954802,3,5,7,13,25.8,1.37908445491115,1.00845070422535,1.11666666666667,1.328,1.56387665198238,1.76419321419321,0.0572292223792585,0.0361011614023662,0.0421052631578947,0.0537634408602151,0.0709677419354839,0.0833333333333333,0.0738623299281709,0.0392380952380952,0.0518134715025907,0.0684931506849315,0.0838709677419355,0.112181973571757,0.0676326610464992,0.0344827586206897,0.0478260869565217,0.064,0.0806451612903226,0.0960317460317461,7322.32338212635,0.562337263455396,146,30315.9518489985,0.762640773021314,248,55.4407421674371,0.811524730599923,8,159.468990755008,0.967607908518945,14,111.292437082691,0.94258737205768,8,0.350282485875706,0.31638418079096,0.265536723163842,0.0677966101694915,Inf
20181115,NaAzide,NA,NA,1,24_m5,None,N2,G,2,159,163.911949685535,69.8,84,111,220.5,299,249.459119496855,77.8,103,144,333.5,572.6,10.3962264150943,3,4.5,7,13,21.2,14.062893081761,3,4.5,7,18,34,13.3647798742138,3,5,8,14.5,32,1.41475554929846,0.997674418604651,1.10473788111428,1.31395348837209,1.61926470588235,1.992027062191,0.0616152462515412,0.0373170731707317,0.0441827173347215,0.0544554455445545,0.0701130591512371,0.0903973882697287,0.0757963557085074,0.0329310034228067,0.0481997677119628,0.0675675675675676,0.0844572319127255,0.113464696223317,0.0737418845996131,0.0356510745891277,0.0483870967741935,0.0655737704918033,0.0833333333333333,0.115358278307655,23599.7390335164,0.937223099817865,136.5,54930.3638245363,0.939521780626413,230.5,115.747074277526,1.03485447463332,8.5,263.008677653053,1.15321521590451,13.5,272.499004856301,1.23515269480854,9.5,0.29559748427673,0.40251572327044,0.20125786163522,0.10062893081761,Inf
20181115,NaAzide,NA,NA,1,24_m5,None,N2,G,3,186,146.516129032258,72.5,89.25,114.5,203.5,246.5,212.333333333333,86,103.5,143.5,300.75,398.5,9.33870967741935,3,4,7,10,15,11.6666666666667,3,5,8,14,23,11.0645161290323,3,5,8,12,22,1.3488358670162,1.03239289446186,1.13333333333333,1.27583905415713,1.49081709145427,1.72578692493947,0.0653476780660789,0.0320020481310804,0.0398672566371681,0.0521460843373494,0.0650420757363254,0.076505016722408,0.0740327056709134,0.0408205769030511,0.0509561060408518,0.0633971291866029,0.0804838709677419,0.0976408281174771,0.0745406426110415,0.0378354203935599,0.0461006735200284,0.0579710144927536,0.0775641025641026,0.095942265795207,5848.13217088056,0.521943091543947,114.25,23927.5207207207,0.728501873316365,197.25,310.895466434176,1.88807968886127,6,175.607207207207,1.13585888203143,9,316.94716652136,1.60901840021059,7,0.252688172043011,0.489247311827957,0.21505376344086,0.043010752688172,Inf
20181115,NaAzide,NA,NA,1,25_m4,None,N2,G,5,178,161.449438202247,75.1,89,123,227,264.9,243.370786516854,85.7,108,169,360.5,448.3,9.84269662921348,3,4,7.5,12,18,13.0786516853933,3,4,9,18,27.6,11.7191011235955,3,4,8,13,24,1.43483200818907,1.03536699635606,1.11891017230823,1.33542158018868,1.61164912673533,1.964012300123,0.0642011850755165,0.0295005759420767,0.0393675169182717,0.050324239284755,0.0624427655677656,0.081041776837652,0.0761675611186622,0.0372793354101765,0.0483870967741935,0.0611799304874788,0.0819926728257407,0.119735478253659,0.0718340705578191,0.0314529914529914,0.0392207792207792,0.0534959349593496,0.0784412955465587,0.11002752293578,12908.7008188916,0.703727835438743,138,30770.5058084174,0.720773601282149,252.5,149.828223195582,1.24360573199477,8,168.841236589856,0.993519255102423,14,223.898051164857,1.27682346368838,9,0.258426966292135,0.382022471910112,0.325842696629214,0.0337078651685393,Inf
20181115,NaAzide,NA,NA,1,25_m4,None,N2,G,6,185,143.081081081081,69.8,85,111,207,244.6,216.183783783784,80,98,142,310,461.8,13.1135135135135,3,4,7,11,19,13.9513513513514,3,4,7,16,27.6,14.5081081081081,3,4,7,13,25.6,1.39213984006566,1.01659051970303,1.1125,1.29665071770335,1.56043956043956,1.86775956284153,0.080323168952339,0.0295282469423413,0.040650406504065,0.0526315789473684,0.0691244239631336,0.0913086913086913,0.0827216002728902,0.0346431435445068,0.0454545454545455,0.0625,0.084070796460177,0.123985029406523,0.0866379188376343,0.0318916557448668,0.0416666666666667,0.0576923076923077,0.0821917808219178,0.117263056092843,5890.99882491187,0.536429008468558,122,26684.8464747356,0.755630084316367,212,1929.91639247943,3.35004144055439,7,780.513924794359,2.00250704026072,12,1822.68607520564,2.94269434562263,9,0.291891891891892,0.437837837837838,0.227027027027027,0.0432432432432432,Inf
20181115,NaAzide,NA,NA,1,26_m3,None,N2,G,8,183,150.639344262295,71,90,115,218,247,224.732240437158,81.2,102,137,347,436.6,9.30054644808743,3,4,6,12,19.8,12.6229508196721,3,4,7,17.5,31,11.4535519125683,3,4,7,14,27,1.39575517550613,1.00159574468085,1.09039836567926,1.26315789473684,1.56017773691872,1.92677716390424,0.0640044381518738,0.0316461366181411,0.040983606557377,0.050251256281407,0.0637500996095306,0.08,0.0768781434655254,0.0342902711323764,0.0465603622699682,0.0607661822985469,0.0796886936592819,0.113465481886535,0.0742613791631841,0.0334082397003745,0.0428283198826119,0.0563380281690141,0.0783625730994152,0.112942355889724,7403.07800396325,0.571173100669235,128,26172.8784603375,0.719880422316256,245,72.5410436557977,0.915763719470205,8,146.862547288777,0.960051737991979,13.5,127.095358193719,0.984293588351846,10,0.245901639344262,0.437158469945355,0.295081967213115,0.0218579234972678,Inf
20181115,NaAzide,NA,NA,1,26_m3,None,N2,G,9,179,161.357541899441,71,85.5,125,225.5,278.4,249.430167597765,80.6,104,167,349,503.2,10.3519553072626,3,4,8,13,21.2,14.8603351955307,3,5,9,19.5,32.2,12.8603351955307,3,5,9,16,26.2,1.43891725203277,1.03112244897959,1.13917253521127,1.34722222222222,1.59460860109085,1.89846153846154,0.0655982440394579,0.0360585197934596,0.0429339477726575,0.0547945205479452,0.0702989869038794,0.0870652173913044,0.0827167885573227,0.0416666666666667,0.0541588099727635,0.0686274509803922,0.0932002632156175,0.131018024879411,0.0769784871284544,0.0369963575231157,0.0477329687856004,0.062780269058296,0.0891940874641058,0.117324399080603,8269.18605235076,0.563562533002287,140,34788.5161634549,0.747771612414021,245,71.2967798631598,0.815666393710699,9,207.019709999372,0.968227118308159,14.5,149.626451572406,0.951156324544471,11,0.290502793296089,0.312849162011173,0.346368715083799,0.0502793296089385,Inf
20181115,NaAzide,NA,NA,1,48,None,N2,H,2,220,258.440909090909,64.9,78.75,110,335.5,634.7,509.118181818182,69,83.75,128,783,1461.7,27.0227272727273,3,5,9,35.5,80.3,42.8136363636364,4,5,9,65.25,126,40.0363636363636,4,6,10,52.25,109.7,1.59703796466628,0.900891089108911,0.981413141314131,1.16542288557214,2.30972096734632,2.8515848444641,0.100270919569035,0.04,0.0550403845309688,0.0760181618051734,0.108669051204819,0.149029219481039,0.127529206501614,0.0441014867485456,0.0615384615384615,0.0861919044258494,0.17892214561964,0.261280226672133,0.127862589103454,0.0499382716049383,0.0733762254901961,0.0995867768595041,0.141914285714286,0.217487453777073,83235.6722914072,1.11633228707803,256.75,439715.638937318,1.30246886065702,699.25,1340.66158156912,1.35497225969894,30.5,3789.44912826899,1.43782464891592,60.25,3510.5100871731,1.47989358459613,46.25,0.35,0.272727272727273,0.0590909090909091,0.318181818181818,Inf
20181115,NaAzide,NA,NA,1,48,None,N2,H,3,198,287.267676767677,65.7,76,101,351,830.5,566.060606060606,69,85.25,123,856.25,1913.5,30.979797979798,3,5,9,43.75,101.3,48.0555555555556,3,5,9,70.5,169.5,46.3989898989899,4,6,10,61.75,157.5,1.55449864814374,0.905952740070387,1,1.18554891710232,2.00896103252247,2.72936689549962,0.0947520119472625,0.0431601731601732,0.0565432551319648,0.0830935941695435,0.118103815363652,0.154976265822785,0.120027014085517,0.0440402476780186,0.0632911392405063,0.0882543802725503,0.168297502640455,0.227908305032417,0.123436689290432,0.0530675801930863,0.071953781512605,0.101449275362319,0.159302792847097,0.201866262498303,139775.364533661,1.30145319726017,275,655798.68666359,1.43061356696337,771,1907.80669640568,1.40990094955512,38.75,5347.1491821771,1.52165973236719,65.5,5026.88060811157,1.52806123784482,55.75,0.393939393939394,0.262626262626263,0.0353535353535354,0.308080808080808,Inf
20181115,NaAzide,NA,NA,1,48_m5,None,N2,H,5,246,282.731707317073,68,78.25,116.5,428,521.5,592.471544715447,71,94,152.5,1183.75,1475,33.6951219512195,3,5,9,51,83,51.7276422764228,3,5,8,92,139.5,47.3252032520325,4,6,10,75.25,123,1.7410466277535,0.946830985915493,1.05204849498328,1.25728429985856,2.4780779087086,3.04992277992278,0.101056077461719,0.0380986937590711,0.0575662581932174,0.0833333333333333,0.113523999976679,0.168489930068252,0.13414574693736,0.0398390570100873,0.0523603723404255,0.082843137254902,0.203805168615188,0.292444603840988,0.12830961119038,0.0470653377630122,0.0637135022973173,0.101066848257859,0.161019108280255,0.235170235170235,93854.5154803385,1.08356026382137,349.75,467410.715513522,1.15393629999004,1089.75,3431.86993529119,1.73859480472612,46,5083.03980421437,1.37828513226006,87,5231.51013771361,1.5283437587125,69.25,0.33739837398374,0.25609756097561,0.0284552845528455,0.378048780487805,Inf
20181115,NaAzide,NA,NA,1,48_m5,None,N2,H,6,199,284.954773869347,67.8,81,118,413.5,586.6,566.286432160804,67.6,93,149,880,1619.6,34.0251256281407,3,5,9,41,90.2,50.5778894472362,3,4,9,74.5,174.2,47.1306532663317,3.8,6,9,57,127,1.5816821470185,0.910176390773406,1,1.16666666666667,2.13143000955501,2.78974786136123,0.107095077870022,0.0338301043219076,0.0562589017249565,0.0831168831168831,0.108333333333333,0.147487160390386,0.1289623719624,0.0351288056206089,0.054951690821256,0.0810810810810811,0.181636267892192,0.277800331650309,0.13145105848784,0.0424932574168415,0.0657539182129346,0.0945273631840796,0.146650309366332,0.219408189733087,114561.497944267,1.1878002289742,332.5,570574.074107914,1.33388952094754,787,3125.99431500939,1.6432148631876,36,5573.77041774529,1.47609338953102,70.5,5514.1747627024,1.57556673757874,51,0.35678391959799,0.246231155778894,0.0603015075376884,0.336683417085427,Inf
